{
    "accuracy": 0.7931713722915299,
    "precision": 0.8175182481751825,
    "recall": 0.9180327868852459,
    "auc_score": 0.8347605271616844
}
